---
---
<?xml version="1.0" encoding="utf-8"?>
<feed xmlns="http://www.w3.org/2005/Atom">
 
 <title>{{ site.name }}</title>
 <link href="{{ site.atom-baseurl }}/atom.xml" rel="self"/>
 <link href="{{ site.atom-baseurl }}"/>
 <updated>{{ site.time | date_to_xmlschema }}</updated>
 <id>{{ site.atom-baseurl }}/</id>
 <author>
   <name>{{ site.author }}</name>
 </author>

 {% for post in site.posts limit:10 %}
 <entry>
   <title>{{ post.title | xml_escape }}</title>
   <link href="{{ site.atom-baseurl }}{{ post.url }}"/>
   <updated>{{ post.date | date_to_xmlschema }}</updated>
   {% if post.guid %}<id>{{ post.guid }}</id>{% else %}<id>{{ site.atom-baseurl }}{{ post.id }}</id>{% endif %}
   <content type="html">{{ post.content | xml_escape }}</content>
 </entry>
 {% endfor %}
 
</feed>
